Catch,CPUE
118750,0.045069835
116702,0.044539117
116370,0.044661662
119354,0.044961799
106972,0.03855344
119258,0.040613413
122719,0.043087725
107109,0.035600364
89219,0.027836189
86006,0.025796241
83612,0.0248631
70602,0.021665799
67205,0.021426178
66687,0.02207292
66575,0.022890331
68581,0.025356016
69741,0.026430747
68735,0.026448615
